Player Name,Team Name,Player Role,Bowling Style,Batting Hand,Matches,Batting,Bowling,Fielding,Total
Yash Shah,Orient Orbits,All-Rounder,Right-arm medium,RHB,6,16.907,2.272,1.254,20.433
Ravi Barot,B2 Buster,,Right-arm fast,RHB,6,17.636,0.993,0.96,19.589
Jignesh Adesara,Ergoluxe Titans,None,Right-arm medium,RHB,7,9.136,5.901,1.2,16.237
Saiyam Shah,B2 Buster,All-Rounder,Right-arm medium,RHB,6,6.143,7.899,1.728,15.77
Parvesh Parekh,Parekh Warriors,,,RHB,5,11.165,3.085,0.816,15.066
Mayur Shah,Orient Orbits,All-Rounder,Left-arm medium,RHB,6,9.801,3.933,1.302,15.036
Sahil Shah,Ergoluxe Titans,All-Rounder,Slow left-arm orthodox,RHB,7,10.191,2.343,1.44,13.974
Pavan Dayama,Dayamas Dhurandhar,All-Rounder,Right-arm medium,RHB,4,10.015,2.748,0.48,13.243
Samyak Chopda,Orient Orbits,Wicket-keeper batter,Right-arm medium,RHB,6,6.6,3.578,3.024,13.202
Yaksh sakaria,B2 Buster,All-Rounder,Left-arm fast,RHB,6,4.152,7.412,1.392,12.956
SANDESH GANDHI,Ergoluxe Titans,,Right-arm medium,RHB,6,11.106,1.339,0,12.445
Hardik Shah,Parekh Warriors,,Right-arm fast,RHB,5,5.649,2.396,1.392,9.437
Taksh Jain,Orient Orbits,,,,6,1.4,7.543,0.48,9.423
Krish jain,Ergoluxe Titans,,,,7,2.2,4.668,1.632,8.5
Shubham Dhoka,B2 Buster,All-Rounder,Left-arm fast,RHB,6,3.6,3.891,0,7.491
Jinay jain,Parekh Warriors,,,,5,1.5,4.283,0.96,6.743
Divyam Jain,Orient Orbits,,Slow left-arm chinaman,RHB,6,2.4,2.295,1.824,6.519
Chirag Shah,Parekh Warriors,,,,5,1.5,4.537,0.48,6.517
Sameer Jain,B2 Buster,,Right-arm medium,RHB,6,0.1,4.305,2.016,6.421
Hitendra Rajnikant Shah,Parekh Warriors,,Right-arm fast,RHB,5,0.7,4.852,0,5.552
Dikshit Jain,Dayamas Dhurandhar,,,RHB,4,4.505,0.668,0,5.173
Bhavesh Jain,Dayamas Dhurandhar,None,Right-arm medium,RHB,4,4.86,0.255,0,5.115
Bhavin Oswal,Dayamas Dhurandhar,,,,4,0.1,2.3,2.64,5.04
Smit Mehta,Ergoluxe Titans,All-Rounder,Right-arm fast,RHB,7,3.388,1.138,0.24,4.766
Pankaj S,Orient Orbits,,,,6,0.709,3.75,0,4.459
Rahul Porwal,Ergoluxe Titans,,,,7,1.001,2.687,0,3.688
venkatesh kasat,B2 Buster,,,,6,0.9,2.164,0,3.064
Raj Katariya,Orient Orbits,,,,4,0,2.984,0,2.984
Siddharth Gelda,Ergoluxe Titans,,Right-arm Leg Break,LHB,7,0.2,2.494,0.192,2.886
Anshu,Dayamas Dhurandhar,None,None,RHB,4,0.5,1.948,0,2.448
Dikshit Shah,Parekh Warriors,All-Rounder,Right-arm medium,RHB,4,0.839,1.042,0.24,2.121
Mithil Shah,Dayamas Dhurandhar,All-Rounder,Right-arm medium,RHB,4,1.4,0.39,0,1.79
Pankaj rathod,B2 Buster,,Right-arm fast,RHB,6,0,1.611,0,1.611
Bhupendra Shah,Parekh Warriors,,,,5,1.3,-0.006,0.24,1.534
Akshay Jain,Dayamas Dhurandhar,,Right-arm medium,RHB,3,0.619,-0.17,0.24,0.689
