player_id,name,team_id,team_name,total_match,catches,caught_behind,run_outs,assist_run_outs,stumpings,caught_and_bowl,total_catches,total_dismissal
6732597,Saiyam Shah,8816240,Buildsmart Cricsmart,4,6,0,0,0,0,0,6,6
36181203,Samyak Chopda,8816229,Dayama Daredevils,4,5,0,0,0,0,0,5,5
36235405,Pratik Bamb,8816229,Dayama Daredevils,4,1,1,2,0,0,0,2,4
12487826,Raj Jain,8816229,Dayama Daredevils,4,0,2,2,0,0,0,2,4
963036,Mayur Shah,8816240,Buildsmart Cricsmart,4,3,0,0,0,0,1,4,4
4204822,Hardik Shah,8816225,Oswal Strikers,3,1,1,0,0,0,0,2,2
32140378,Siddharth Gelda,8816240,Buildsmart Cricsmart,4,0,0,0,0,2,0,0,2
20304212,Mayank Parekh,8816240,Buildsmart Cricsmart,4,1,0,1,0,0,0,1,2
18615486,Loukik Shah,8816216,Ergo Royals,3,0,0,1,0,0,0,0,1
36269905,Raj Katariya,8816225,Oswal Strikers,3,0,1,0,0,0,0,1,1
36269858,Chirag Shah,8816216,Ergo Royals,3,0,0,1,0,0,0,0,1
36228481,Krish Jain,8816216,Ergo Royals,3,1,0,0,0,0,0,1,1
36224628,Rahul Porwal,8816216,Ergo Royals,3,1,0,0,0,0,0,1,1
20304589,Mayur,8816225,Oswal Strikers,3,0,0,1,0,0,0,0,1
18608728,Jignesh Adesara,8816225,Oswal Strikers,3,1,0,0,0,0,0,1,1
10731355,Smit Mehta,8816216,Ergo Royals,3,0,1,0,0,0,0,1,1
9335161,Bhavesh Jain,8816225,Oswal Strikers,3,1,0,0,0,0,0,1,1
9927909,Bhavin Oswal,8816229,Dayama Daredevils,4,1,0,0,0,0,0,1,1
36225712,Dikshit Dhah,8816240,Buildsmart Cricsmart,4,1,0,0,0,0,0,1,1
2903049,Sameer Jain,8816240,Buildsmart Cricsmart,4,1,0,0,0,0,0,1,1
36235416,Darshit Shah,8816229,Dayama Daredevils,4,0,0,1,0,0,0,0,1
12119852,Siddharth Chopra,8816216,Ergo Royals,3,0,0,0,0,0,0,0,0
27023592,Kanishk Jain,8816225,Oswal Strikers,3,0,0,0,0,0,0,0,0
9117576,Divyam Jain,8816225,Oswal Strikers,3,0,0,0,0,0,0,0,0
1457841,Sandesh Gandhi,8816216,Ergo Royals,3,0,0,0,0,0,0,0,0
28593615,Harsh Manish Thakkar,8816240,Buildsmart Cricsmart,4,0,0,0,0,0,0,0,0
9077048,Viraj Dave,8816229,Dayama Daredevils,4,0,0,0,0,0,0,0,0
1420452,Pavan Dayama,8816229,Dayama Daredevils,4,0,0,0,0,0,0,0,0
